jenis_kelamin,umur,jml_pinjaman,jkw,jml_angsuran_per_bulan,type_pinjaman,jenis_pinjaman,bi_sektor_ekonomi,col,bi_golongan_debitur,bi_gol_penjamin,saldo_nominatif,tunggakan_pokok,tunggakan_bunga,status kredit
1,40.0,345000.0,1.0,345000.0,100,301,6000.0,1,874,875,345000.0,345000.0,0.0,MACET
0,31.0,350000.0,7.0,55716.0,100,301,6000.0,1,874,875,390000.0,111428.0,0.0,MACET
1,34.0,3055499.0,8.0,381937.41,100,301,6000.0,1,874,875,3055499.0,1527749.48,0.0,MACET
0,27.0,4435001.0,8.0,671098.0,100,301,6000.0,1,874,875,4435001.0,0.0,0.0,LANCAR
0,49.0,1443750.0,15.0,107800.0,100,301,6000.0,1,874,875,1617000.0,1078000.0,0.0,MACET
0,42.0,3066000.0,10.0,351670.0,100,301,6000.0,1,874,875,3066000.0,613200.0,90140.0,MACET
0,26.0,4071669.0,20.0,203583.45,100,301,6000.0,1,874,875,3671669.0,1228667.6,0.0,MACET
0,55.0,840000.0,4.0,60000.0,100,301,6000.0,1,874,875,240000.0,240000.0,0.0,MACET
0,38.0,3000000.0,24.0,147500.0,100,301,6000.0,1,874,0,2500000.0,875000.0,157500.0,MACET
0,41.0,930000.01,4.0,45000.01,100,301,6000.0,1,874,0,180000.01,180000.01,0.0,MACET
0,26.0,2000000.0,20.0,115000.0,100,301,6000.0,1,874,0,1800000.0,700000.0,105000.0,MACET
0,35.0,1000000.0,12.0,98333.37,100,301,6000.0,1,874,875,810000.0,643333.3,105000.0,MACET
1,49.0,4000000.0,24.0,81944.25,100,301,6000.0,1,874,875,742662.0,0.0,0.0,LANCAR
1,2.0,775811.0,12.0,64650.99,100,301,6000.0,1,874,875,775811.0,129301.82,0.0,MACET
1,42.0,860000.0,8.0,88607.16,100,301,6000.0,1,874,875,708857.0,708857.0,0.0,MACET
1,49.0,270000.0,6.0,45000.0,100,301,6000.0,1,874,875,270000.0,90000.0,0.0,MACET
0,39.0,583335.0,12.0,52986.25,100,301,6000.0,1,874,875,635835.0,529862.5,0.0,MACET
0,26.0,506835.0,12.0,45986.25,100,301,6000.0,1,874,875,551835.0,459862.5,0.0,MACET
0,50.0,1500000.0,8.0,192082.53,100,301,9990.0,1,874,875,1536657.37,1536657.37,0.0,MACET
1,42.0,185169.0,8.0,25021.16,100,301,6000.0,1,874,875,200169.0,200169.0,0.0,MACET
0,57.0,486000.0,8.0,60750.0,100,301,6000.0,1,874,875,486000.0,486000.0,0.0,MACET
0,36.0,666667.0,6.0,115611.2,100,301,6000.0,1,874,875,693667.0,231222.32,0.0,MACET
1,58.0,90000.0,5.0,18000.0,100,301,6000.0,1,874,875,90000.0,36000.0,0.0,MACET
0,41.0,10550000.0,12.0,1160416.74,100,301,6000.0,1,874,875,332500.0,0.0,0.0,LANCAR
0,35.0,1000000.0,6.0,181666.7,100,301,6000.0,1,874,875,1090000.0,363333.32,0.0,MACET
1,43.0,28950000.0,141.0,299114.98,100,301,6000.0,1,874,875,27399322.0,0.0,0.0,LANCAR
1,49.0,535835.0,12.0,44652.99,100,301,6000.0,1,874,875,535835.0,446529.1,0.0,MACET
0,36.0,6933332.0,12.0,444444.37,100,301,6000.0,1,874,875,6433332.0,3944443.3,0.0,MACET
1,44.0,1116263.0,20.0,55813.15,100,301,6000.0,1,874,875,945263.0,387131.5,0.0,MACET
1,52.0,610000.0,6.0,106666.7,100,301,6000.0,1,874,875,640000.0,213333.32,0.0,MACET
0,31.0,1820000.0,10.0,182000.0,100,301,6000.0,1,874,875,1585000.0,0.0,0.0,LANCAR
1,35.0,1458339.0,8.0,218750.68,100,301,6000.0,1,874,875,1750005.02,1750005.02,0.0,MACET
1,36.0,495000.0,12.0,43725.0,100,301,6000.0,1,874,875,524700.0,437250.0,0.0,MACET
0,46.0,4000000.0,24.0,233333.41,100,301,6000.0,1,874,875,5500000.0,2233333.3,0.0,MACET
1,41.0,2040000.0,12.0,229500.0,100,301,6000.0,1,874,875,2754000.0,2295000.0,0.0,MACET
0,28.0,1430666.0,12.0,119222.24,100,301,6000.0,1,874,875,1430666.0,1192221.6,0.0,MACET
1,31.0,187500.0,5.0,45500.0,100,301,6000.0,1,874,875,227500.0,403500.0,0.0,MACET
1,55.0,1060000.0,12.0,108333.37,100,301,6000.0,1,874,875,947000.0,770333.3,80000.0,MACET
1,42.0,1400000.0,12.0,116666.74,100,301,6000.0,1,874,800,915000.0,564999.94,0.0,MACET
0,41.0,1376666.7,10.0,137666.7,100,301,6000.0,1,874,0,1046666.7,909000.3,0.0,MACET
0,44.0,145000.0,5.0,29000.0,100,301,6000.0,1,874,0,145000.0,58000.0,0.0,MACET
1,42.0,124000.0,5.0,24800.0,100,301,6000.0,1,874,0,124000.0,49600.0,0.0,MACET
1,36.0,603750.0,7.0,120750.0,100,301,6000.0,1,874,0,603750.0,172500.0,0.0,MACET
1,31.0,200000.0,2.0,19000.0,100,301,9990.0,1,874,874,38000.0,38000.0,0.0,MACET
1,43.0,543833.42,5.0,108767.02,100,301,6000.0,1,874,0,193833.42,85066.4,0.0,MACET
1,47.0,1680000.0,4.0,510000.0,100,301,6000.0,1,874,0,1680000.0,840000.0,180000.0,MACET
0,32.0,3000000.0,3.0,465000.0,100,301,6000.0,1,874,0,1125000.0,1125000.0,270000.0,MACET
0,46.0,1333333.34,4.0,393333.59,100,301,6000.0,1,874,0,1333333.34,666666.5,120000.0,MACET
1,40.0,1086000.0,20.0,54300.0,100,301,6000.0,1,874,0,1086000.0,651600.0,0.0,MACET
0,56.0,653333.34,9.0,60926.77,100,301,6000.0,1,874,0,490740.79,490740.79,57595.61,MACET
0,48.0,900000.0,3.0,345000.0,100,301,6000.0,1,874,0,900000.0,600000.0,90000.0,MACET
1,41.0,666666.68,10.0,72666.7,100,301,6000.0,1,874,0,666666.68,666666.68,60000.0,MACET
1,46.0,3800000.0,4.0,1130000.0,100,301,6000.0,1,874,0,2850000.0,950000.0,310000.0,MACET
0,45.0,333333.36,4.0,90833.61,100,301,6000.0,1,874,0,333333.36,333333.36,30000.0,MACET
1,30.0,1590000.0,53.0,34500.0,100,301,6000.0,1,874,0,1590000.0,330000.0,49500.0,MACET
1,46.0,1200000.0,4.0,345000.0,100,301,6000.0,1,874,0,1000000.0,400000.0,90000.0,MACET
0,67.0,875000.0,17.0,54529.78,100,301,6000.0,1,874,0,875000.0,566176.38,33649.0,MACET
0,32.0,1500000.0,5.0,345000.0,100,301,6000.0,1,874,0,690000.0,0.0,0.0,LANCAR
1,42.0,5000000.0,10.0,650000.0,100,301,6000.0,1,874,0,3500000.0,2500000.0,750000.0,MACET
1,46.0,1406250.0,15.0,105000.0,100,301,6000.0,1,874,0,1406250.0,937500.0,112500.0,MACET
0,44.0,1000000.0,3.0,363333.34,100,301,6000.0,1,874,0,1000000.0,333333.33,30000.0,MACET
1,40.0,7000000.0,46.0,173478.41,100,301,6000.0,1,874,0,5170780.54,3496867.39,489992.0,MACET
1,43.0,1000000.0,31.0,11548.6,100,301,6000.0,1,874,0,311500.0,311500.0,46500.0,MACET
0,27.0,1000000.0,21.0,11547.38,100,301,6000.0,1,874,0,209500.0,209500.0,33000.0,MACET
1,43.0,10000000.0,8.0,1550000.0,100,301,6000.0,1,874,0,4950000.0,2450000.0,900000.0,MACET
1,41.0,1500000.0,16.0,87812.53,100,301,6000.0,1,874,0,1213750.0,1213750.0,191250.0,MACET
0,43.0,5000000.0,10.0,775000.0,100,301,6000.0,1,874,0,2000000.0,0.0,0.0,LANCAR
0,41.0,1425000.0,19.0,86250.0,100,301,6000.0,1,874,0,1425000.0,750000.0,112500.0,MACET
1,35.0,1000000.0,13.0,11423.16,100,301,6000.0,1,874,0,129000.0,129000.0,19500.0,MACET
0,43.0,1500000.0,7.0,18535.38,100,301,6000.0,1,874,0,111750.0,111750.0,18000.0,MACET
1,36.0,1500000.0,6.0,86250.0,100,301,6000.0,1,874,0,450000.0,450000.0,67500.0,MACET
1,40.0,10000000.0,8.0,1550000.0,100,301,6000.0,1,874,0,3750000.0,0.0,0.0,LANCAR
0,29.0,16000000.0,48.0,453333.49,100,301,6000.0,1,874,0,9996666.71,1329999.97,480000.0,MACET
0,42.0,10000000.0,24.0,491666.82,100,301,6000.0,1,874,0,2083333.46,1249999.98,225000.0,MACET
1,36.0,675000.0,27.0,26519.23,100,301,6000.0,1,874,0,625000.0,225000.0,13709.0,MACET
1,35.0,2000000.0,100.0,23000.0,100,301,6000.0,1,874,0,1540000.0,1480000.0,222000.0,MACET
0,38.0,1500000.0,5.0,345000.0,100,301,6000.0,1,874,0,300000.0,0.0,0.0,LANCAR
0,43.0,1500000.0,100.0,17250.0,100,301,6000.0,1,874,0,963500.0,918500.0,137250.0,MACET
1,43.0,5000000.0,24.0,245833.41,100,301,6000.0,1,874,0,1041666.73,0.0,0.0,LANCAR
1,34.0,2500000.0,24.0,122916.82,100,301,6000.0,1,874,0,625000.12,104166.66,18750.0,LANCAR
1,32.0,1000000.0,100.0,11500.0,100,301,6000.0,1,874,0,310000.0,260000.0,38500.0,MACET
1,43.0,1500000.0,5.0,345000.0,100,301,6000.0,1,874,0,300000.0,0.0,0.0,LANCAR
1,42.0,5000000.0,24.0,245833.41,100,301,6000.0,1,874,0,2500000.04,416666.66,75000.0,LANCAR
1,41.0,2000000.0,24.0,98333.41,100,301,6000.0,1,874,0,833333.38,0.0,0.0,LANCAR
1,48.0,2500000.0,24.0,122916.82,100,301,6000.0,1,874,0,1457500.0,207499.92,37500.0,LANCAR
1,37.0,1500000.0,100.0,17250.0,100,301,6000.0,1,874,0,860250.0,305250.0,47250.0,MACET
1,31.0,10000000.0,40.0,325000.0,100,301,6000.0,1,874,0,7250000.0,0.0,0.0,LANCAR
0,40.0,10000000.0,144.0,79863.04,100,301,6000.0,1,874,0,7775006.72,1802784.24,270842.0,MACET
1,43.0,1000000.0,12.0,90833.37,100,301,6000.0,1,874,0,333333.36,166666.66,15000.0,LANCAR
1,40.0,1500000.0,20.0,86250.0,100,301,6000.0,1,874,0,750000.0,0.0,0.0,LANCAR
1,44.0,2000000.0,16.0,140000.0,100,301,6000.0,1,874,0,1244000.0,494000.0,60000.0,MACET
0,38.0,1000000.0,12.0,90833.37,100,301,6000.0,1,874,0,250000.03,83333.33,7500.0,LANCAR
1,40.0,1000000.0,12.0,90833.37,100,301,6000.0,1,874,0,666666.68,499999.98,58333.32,MACET
0,35.0,4000000.0,120.0,39333.73,100,301,6000.0,1,874,0,2466666.82,166666.65,30000.0,LANCAR
0,28.0,2000000.0,20.0,115000.0,100,301,6000.0,1,874,0,1100000.0,100000.0,15000.0,LANCAR
1,48.0,2500000.0,24.0,122916.82,100,301,6000.0,1,874,0,2500000.0,1041666.6,187500.0,MACET
1,36.0,4000000.0,24.0,196666.82,100,301,6000.0,1,874,0,2833333.38,499999.98,90000.0,MACET
0,34.0,1500000.0,20.0,86250.0,100,301,6000.0,1,874,0,900000.0,75000.0,11250.0,LANCAR
0,41.0,4000000.0,24.0,196666.82,100,301,6000.0,1,874,0,2500000.06,0.0,0.0,LANCAR
0,43.0,5000000.0,24.0,245833.41,100,301,6000.0,1,874,0,4166666.68,1041666.65,187500.0,MACET
0,37.0,2000000.0,100.0,23000.0,100,301,6000.0,1,874,0,1600000.0,440000.0,66000.0,MACET
1,37.0,2000000.0,24.0,98333.41,100,301,6000.0,1,874,0,1500000.02,249999.99,45000.0,MACET
1,41.0,1000000.0,12.0,90833.37,100,301,6000.0,1,874,0,666666.68,416666.65,37500.0,MACET
1,41.0,1000000.0,12.0,90833.37,100,301,6000.0,1,874,0,416666.69,166666.66,15000.0,LANCAR
1,45.0,3000000.0,24.0,147500.0,100,301,6000.0,1,874,0,2250000.0,250000.0,45000.0,LANCAR
0,31.0,1000000.0,100.0,11500.0,100,301,6000.0,1,874,0,850000.0,250000.0,37000.0,MACET
1,39.0,1500000.0,16.0,105000.0,100,301,6000.0,1,874,0,750000.0,0.0,0.0,LANCAR
1,40.0,1500000.0,20.0,86250.0,100,301,6000.0,1,874,0,1050000.0,75000.0,11250.0,LANCAR
0,25.0,1000000.0,12.0,90833.37,100,301,6000.0,1,874,0,732500.0,315833.31,30000.0,MACET
0,40.0,2000000.0,16.0,140000.0,100,301,6000.0,1,874,0,1125000.0,0.0,0.0,LANCAR
1,35.0,5000000.0,24.0,245833.41,100,301,6000.0,1,874,0,3541666.69,0.0,0.0,LANCAR
1,37.0,2500000.0,24.0,122916.82,100,301,6000.0,1,874,0,1872916.7,102083.32,18750.0,LANCAR
1,41.0,6000000.0,32.0,232500.0,100,301,6000.0,1,874,0,5436500.0,749000.0,180000.0,MACET
1,35.0,7000000.0,24.0,344166.82,100,301,6000.0,1,874,0,5541666.7,583333.32,105000.0,LANCAR
1,36.0,1500000.0,20.0,86250.0,100,301,6000.0,1,874,0,1050000.0,75000.0,11250.0,LANCAR
1,32.0,1500000.0,80.0,21000.0,100,301,6000.0,1,874,0,1068750.0,187500.0,22500.0,MACET
0,27.0,2000000.0,16.0,140000.0,100,301,6000.0,1,874,0,1125000.0,0.0,0.0,LANCAR
1,31.0,1500000.0,20.0,86250.0,100,301,6000.0,1,874,0,1050000.0,0.0,0.0,LANCAR
0,29.0,1000000.0,100.0,11500.0,100,301,6000.0,1,874,0,686500.0,0.0,0.0,LANCAR
1,32.0,800000.0,80.0,11600.0,100,301,6000.0,1,874,0,592000.0,102000.0,17600.0,MACET
1,41.0,4000000.0,24.0,196666.82,100,301,6000.0,1,874,0,3333333.36,333333.32,60000.0,MACET
1,40.0,1500000.0,20.0,86250.0,100,301,6000.0,1,874,0,1045500.0,0.0,0.0,LANCAR
0,21.0,1500000.0,5.0,345000.0,100,301,6000.0,1,874,0,900000.0,0.0,0.0,LANCAR
0,41.0,2000000.0,24.0,98333.41,100,301,6000.0,1,874,0,1833333.34,333333.32,60000.0,MACET
0,32.0,1500000.0,5.0,345000.0,100,301,6000.0,1,874,0,900000.0,0.0,0.0,LANCAR
0,40.0,1000000.0,3.0,363333.34,100,301,6000.0,1,874,0,666000.0,0.0,0.0,LANCAR
0,27.0,1000000.0,3.0,363333.34,100,301,6000.0,1,874,0,665000.0,0.0,0.0,LANCAR
1,38.0,1500000.0,120.0,14750.0,100,301,6000.0,1,874,0,1398000.0,235500.0,42750.0,MACET
0,38.0,5000000.0,2.0,2650000.0,100,301,6000.0,1,874,0,2500000.0,0.0,0.0,LANCAR
1,42.0,1500000.0,5.0,345000.0,100,301,6000.0,1,874,0,1200000.0,0.0,0.0,LANCAR
0,27.0,1000000.0,12.0,90833.37,100,301,6000.0,1,874,0,750000.01,83333.33,7500.0,LANCAR
0,30.0,1500000.0,5.0,345000.0,100,301,6000.0,1,874,0,1500000.0,0.0,0.0,LANCAR
0,25.0,500000.0,8.0,67500.0,100,301,6000.0,1,874,0,248000.0,0.0,0.0,LANCAR
0,48.0,1500000.0,1.0,1545000.0,100,301,6000.0,1,874,0,1500000.0,0.0,0.0,LANCAR
1,33.0,3500000.0,8.0,542500.0,100,301,6000.0,1,874,0,3500000.0,0.0,0.0,LANCAR
1,39.0,1000000.0,12.0,90833.37,100,301,6000.0,1,874,0,750000.01,83333.33,7500.0,LANCAR
0,34.0,1000000.0,12.0,90833.37,100,301,6000.0,1,874,0,833166.67,166499.99,15000.0,LANCAR
0,32.0,2000000.0,6.0,393333.35,100,301,6000.0,1,874,0,2000000.0,0.0,0.0,LANCAR
0,28.0,1000000.0,12.0,90833.37,100,301,6000.0,1,874,0,666000.0,0.0,0.0,LANCAR
1,37.0,1500000.0,16.0,105000.0,100,301,6000.0,1,874,0,1218750.0,93750.0,11250.0,LANCAR
0,37.0,10000000.0,12.0,1133333.37,100,301,6000.0,1,874,0,10000000.0,0.0,0.0,LANCAR
1,38.0,1000000.0,12.0,90833.37,100,301,6000.0,1,874,0,833000.0,82999.99,7500.0,LANCAR
1,46.0,1500000.0,16.0,105000.0,100,301,6000.0,1,874,0,1406250.0,187500.0,22500.0,MACET
1,36.0,1000000.0,12.0,90833.37,100,301,6000.0,1,874,0,917500.0,167499.99,15000.0,MACET
1,38.0,1500000.0,16.0,105000.0,100,301,6000.0,1,874,0,1218750.0,0.0,0.0,LANCAR
1,45.0,5000000.0,10.0,650000.0,100,301,6000.0,1,874,0,5000000.0,0.0,0.0,LANCAR
0,23.0,5000000.0,10.0,650000.0,100,301,6000.0,1,874,0,5000000.0,0.0,0.0,LANCAR
1,35.0,1500000.0,20.0,86250.0,100,301,6000.0,1,874,0,1350000.0,0.0,0.0,LANCAR
1,35.0,1500000.0,16.0,105000.0,100,301,6000.0,1,874,0,1312500.0,0.0,0.0,LANCAR
1,41.0,5000000.0,10.0,650000.0,100,301,6000.0,1,874,0,5000000.0,0.0,0.0,LANCAR
1,19.0,1000000.0,3.0,363333.34,100,301,6000.0,1,874,0,1000000.0,0.0,0.0,LANCAR
0,40.0,2500000.0,5.0,575000.0,100,301,6000.0,1,874,0,2500000.0,0.0,0.0,LANCAR
1,28.0,1500000.0,5.0,345000.0,100,301,6000.0,1,874,0,1500000.0,0.0,0.0,LANCAR
0,28.0,1000000.0,3.0,363333.34,100,301,6000.0,1,874,0,1000000.0,0.0,0.0,LANCAR
1,37.0,1000000.0,3.0,363333.34,100,301,6000.0,1,874,0,1000000.0,0.0,0.0,LANCAR
0,32.0,3000000.0,6.0,590000.0,100,301,6000.0,1,874,0,3000000.0,0.0,0.0,LANCAR
0,37.0,4000000.0,6.0,786666.7,100,301,6000.0,1,874,0,4000000.0,0.0,0.0,LANCAR
0,42.0,1500000.0,20.0,86250.0,100,301,6000.0,1,874,0,1200000.0,0.0,0.0,LANCAR
1,41.0,325358.64,6.0,54228.64,100,301,6000.0,1,874,875,325358.64,108452.0,0.0,MACET
1,31.0,110285.01,5.0,22057.01,100,301,6000.0,1,874,875,110285.01,44114.0,0.0,MACET
0,33.0,2350000.0,12.0,233433.0,100,301,6000.0,1,874,875,2350000.0,391666.0,75200.0,MACET
1,36.0,750000.0,8.0,74750.0,100,301,6000.0,1,874,875,598000.0,598000.0,0.0,MACET
1,44.0,530000.0,8.0,66250.0,100,301,6000.0,1,874,875,530000.0,530000.0,0.0,MACET
1,34.0,147667.0,8.0,18458.41,100,301,6000.0,1,874,875,147667.0,147667.0,0.0,MACET
1,40.0,395508.52,6.0,65918.16,100,301,6000.0,1,874,875,395508.52,131836.32,0.0,MACET
1,35.0,1000000.0,6.0,175056.0,100,301,6000.0,1,874,875,1050335.52,350112.0,0.0,MACET
1,33.0,500000.0,5.0,100000.0,100,301,6000.0,1,874,875,500000.0,200000.0,0.0,MACET
1,40.0,960335.52,6.0,160056.0,100,301,6000.0,1,874,875,960335.52,320112.0,0.0,MACET
1,41.0,323669.52,6.0,53945.0,100,301,6000.0,1,874,875,323669.52,107890.0,0.0,MACET
0,48.0,1600000.0,10.0,160000.0,100,301,6000.0,1,874,875,1458651.05,498651.05,0.0,MACET
1,40.0,1000000.0,8.0,128387.62,100,301,6000.0,1,874,875,1027100.65,1027100.65,0.0,MACET
0,48.0,2850000.0,12.0,280250.0,100,301,6000.0,1,874,875,2850000.0,475000.0,0.0,MACET
1,2.0,680000.0,12.0,61666.74,100,301,6000.0,1,874,875,604000.0,490666.6,45000.0,MACET
1,36.0,496668.0,12.0,43889.0,100,301,6000.0,1,874,875,334668.0,246890.0,0.0,MACET
1,39.0,930000.0,6.0,158160.16,100,301,6000.0,1,874,875,948960.58,316320.32,0.0,MACET
1,39.0,500000.0,8.0,32250.0,100,301,6000.0,1,874,875,258000.0,258000.0,0.0,MACET
1,41.0,555000.0,8.0,75000.0,100,301,6000.0,1,874,875,600000.0,600000.0,0.0,MACET
1,38.0,345000.0,5.0,78000.0,100,301,6000.0,1,874,875,390000.0,156000.0,0.0,MACET
0,55.0,3000000.0,12.0,295000.0,100,301,6000.0,1,874,875,3304000.0,2714000.0,0.0,MACET
1,40.0,880000.0,5.0,44200.0,100,301,6000.0,1,874,835,221000.0,221000.0,0.0,MACET
1,48.0,945565.59,6.0,157594.33,100,301,6000.0,1,874,875,945565.59,315188.66,0.0,MACET
0,48.0,320000.0,3.0,106666.68,100,301,6000.0,1,874,875,320000.0,320000.0,0.0,MACET
1,36.0,2540000.0,6.0,415000.0,100,301,6000.0,1,874,875,2490000.0,2490000.0,0.0,MACET
1,38.0,593334.0,6.0,98889.0,100,301,6000.0,1,874,875,593334.0,593334.0,0.0,MACET
1,37.0,2380000.0,6.0,341185.91,100,301,6000.0,1,874,875,2047114.21,2047114.21,0.0,MACET
0,33.0,920000.0,5.0,184000.0,100,301,6000.0,1,874,0,320000.0,136000.0,0.0,MACET
0,47.0,5000000.0,24.0,245833.41,100,301,6000.0,1,874,0,3333333.36,833333.32,150000.0,MACET
0,42.0,1500000.0,20.0,86250.0,100,301,6000.0,1,874,0,1200000.0,225000.0,33750.0,MACET
0,35.0,1500000.0,16.0,105000.0,100,301,6000.0,1,874,0,937500.0,0.0,0.0,LANCAR
1,32.0,333334.0,8.0,45416.75,100,301,6000.0,1,874,875,363334.0,363334.0,0.0,MACET
1,42.0,725000.0,24.0,30208.41,100,301,6000.0,1,874,875,725000.0,302083.3,0.0,MACET
0,3.0,136900.0,8.0,17112.5,100,301,6000.0,1,874,875,136900.0,136900.0,0.0,MACET
0,3.0,1567500.0,10.0,183750.0,100,301,6000.0,1,874,875,1837500.0,735000.0,0.0,MACET
0,53.0,383750.0,46.0,8342.45,100,301,6000.0,1,874,875,343750.0,43423.9,0.0,MACET
1,47.0,561250.0,16.0,36874.78,100,301,6000.0,1,874,875,514994.08,293746.2,0.0,MACET
1,42.0,511252.0,7.0,75689.0,100,301,6000.0,1,874,875,529821.0,151378.0,0.0,MACET
1,47.0,576650.2,57.0,16476.06,100,301,6000.0,1,874,875,496650.2,21166.6,0.0,MACET
1,30.0,3000000.0,12.0,0.0,100,301,6000.0,1,874,875,-3000000.0,0.0,0.0,LANCAR
1,30.0,4000000.0,12.0,0.0,100,301,6000.0,1,874,875,-4000000.0,0.0,0.0,LANCAR
1,36.0,1670000.0,24.0,75416.82,100,301,6000.0,1,874,875,1770000.0,714166.6,0.0,MACET
1,33.0,126670.0,12.0,10972.5,100,301,6000.0,1,874,875,131670.0,109725.0,0.0,MACET
0,2.0,42500000.0,25.0,2166000.0,100,301,6000.0,1,874,875,41500000.0,26200000.0,6064000.0,MACET
1,30.0,680000.0,40.0,18150.0,100,301,6000.0,1,874,875,726000.0,181500.0,0.0,MACET
1,41.0,840278.0,12.0,76325.28,100,301,6000.0,1,874,875,915902.04,763251.6,0.0,MACET
1,51.0,1910000.0,80.0,25282.97,100,301,6000.0,1,874,875,1962606.0,192825.7,0.0,MACET
1,41.0,1125000.0,12.0,96667.82,100,301,6000.0,1,874,875,1160012.08,966676.6,0.0,MACET
1,40.0,845000.0,20.0,47200.0,100,301,6000.0,1,874,875,924000.0,452000.0,0.0,MACET
1,27.0,975000.0,28.0,37187.56,100,301,6000.0,1,874,875,1011244.12,341872.8,0.0,MACET
1,38.0,2450000.0,10.0,245000.0,100,301,6000.0,1,874,875,2400000.0,930000.0,0.0,MACET
1,43.0,975000.0,12.0,93437.5,100,301,6000.0,1,874,875,971250.0,784375.0,0.0,MACET
0,50.0,1655000.0,50.0,33626.32,100,301,6000.0,1,874,875,1681316.0,336263.2,0.0,MACET
1,44.0,525000.0,9.0,49660.0,100,301,6000.0,1,874,875,510250.0,454225.0,0.0,MACET
1,28.0,2330402.0,24.0,105433.57,100,301,6000.0,1,874,875,1975402.0,499334.1,0.0,MACET
1,35.0,1833334.0,20.0,0.0,100,301,6000.0,1,874,875,1833334.0,1833334.0,330000.0,LANCAR
1,38.0,1499333.0,12.0,134944.49,100,301,6000.0,1,874,875,1619333.0,1349444.1,0.0,MACET
1,53.0,1190000.0,20.0,67750.0,100,301,6000.0,1,874,875,1355000.0,677500.0,0.0,MACET
1,38.0,666668.0,12.0,60555.74,100,301,6000.0,1,874,875,666668.0,545556.6,0.0,MACET
1,50.0,567501.0,12.0,47291.75,100,301,6000.0,1,874,875,347501.0,252917.5,0.0,MACET
1,34.0,215835.0,12.0,17986.25,100,301,6000.0,1,874,875,165835.0,129862.5,0.0,MACET
1,36.0,590004.08,12.0,49167.08,100,301,6000.0,1,874,875,340004.08,241670.0,0.0,MACET
1,36.0,1559581.0,20.0,92979.05,100,301,6000.0,1,874,875,1859581.0,929790.5,0.0,MACET
0,31.0,932500.0,16.0,62812.25,100,301,6000.0,1,874,875,254996.0,0.0,0.0,LANCAR
0,41.0,18834999.0,20.0,1435332.95,100,301,6000.0,1,874,875,3496744.0,0.0,493583.0,MACET
1,29.0,666667.0,8.0,28333.41,100,301,6000.0,1,874,875,226667.0,226667.0,0.0,MACET
0,40.0,650000.0,13.0,50000.0,100,301,6000.0,1,874,875,650000.0,500000.0,0.0,MACET
1,30.0,2950001.0,10.0,325646.0,100,301,6000.0,1,874,875,2950001.0,2950001.0,0.0,MACET
1,37.0,1340000.0,12.0,111666.74,100,301,6000.0,1,874,875,1025000.0,801666.6,0.0,MACET
1,46.0,1739996.0,16.0,108749.75,100,301,6000.0,1,874,875,1539996.0,887497.5,0.0,MACET
1,29.0,1499995.0,16.0,95312.3,100,301,6000.0,1,874,875,1524995.0,953121.8,0.0,MACET
1,3.0,1335330.0,15.0,70372.0,100,301,6000.0,1,874,875,895330.0,227665.0,0.0,MACET
1,36.0,566668.0,8.0,72083.5,100,301,6000.0,1,874,875,576668.0,576668.0,0.0,MACET
0,34.0,373000.0,6.0,74600.0,100,301,6000.0,1,874,875,273000.0,570600.0,0.0,MACET
1,35.0,2057588.0,8.0,257198.5,100,301,6000.0,1,874,875,2057588.0,2057588.0,0.0,MACET
1,31.0,1260000.0,16.0,78750.0,100,301,6000.0,1,874,0,1050000.0,577500.0,0.0,MACET
0,43.0,1436700.15,50.0,28734.15,100,301,6000.0,1,874,0,1190700.15,41340.0,0.0,MACET
1,40.0,2965000.0,7.0,423571.48,100,301,6000.0,1,874,0,2965000.0,1694285.68,0.0,MACET
0,40.0,1671666.69,17.0,98333.35,100,301,6000.0,1,874,0,1671666.69,983333.5,0.0,MACET
1,46.0,2250000.0,12.0,175000.0,100,301,6000.0,1,874,0,1875000.0,1875000.0,225000.0,MACET
1,33.0,177333.34,3.0,62667.35,100,301,6000.0,1,874,0,177333.34,177333.34,10668.01,MACET
1,55.0,166333.36,1.0,286333.36,100,301,6000.0,1,874,0,166333.36,166333.36,120000.0,MACET
1,47.0,1000000.0,8.0,140000.0,100,301,6000.0,1,874,0,750000.0,0.0,0.0,LANCAR
0,0.0,665000.0,26.0,27077.0,100,301,6000.0,1,874,0,665000.0,281346.12,16500.0,MACET
0,26.0,3000000.0,10.0,390000.0,100,301,6000.0,1,874,0,1200000.0,300000.0,90000.0,MACET
0,37.0,2000000.0,20.0,115000.0,100,301,6000.0,1,874,0,900000.0,700000.0,105000.0,MACET
0,36.0,2500000.0,8.0,331250.0,100,301,6000.0,1,874,0,1250000.0,937500.0,56250.0,MACET
0,54.0,1000000.0,12.0,90833.37,100,301,6000.0,1,874,0,824166.67,407499.98,37500.0,MACET
1,41.0,2000000.0,20.0,115000.0,100,301,6000.0,1,874,0,1500000.0,200000.0,30000.0,LANCAR
1,41.0,1500000.0,5.0,345000.0,100,301,6000.0,1,874,0,1200000.0,600000.0,90000.0,MACET
0,29.0,1000000.0,5.0,230000.0,100,301,6000.0,1,874,0,1000000.0,400000.0,60000.0,MACET
1,37.0,2500000.0,12.0,227083.37,100,301,6000.0,1,874,0,416666.7,0.0,0.0,LANCAR
1,50.0,3000000.0,16.0,210000.0,100,301,6000.0,1,874,0,2062500.0,937500.0,112500.0,MACET
1,41.0,1500000.0,4.0,420000.0,100,301,6000.0,1,874,0,1125000.0,0.0,0.0,LANCAR
0,50.0,2500000.0,16.0,175000.0,100,301,6000.0,1,874,0,1875000.0,156250.0,18750.0,LANCAR
0,44.0,4000000.0,16.0,280000.0,100,301,6000.0,1,874,0,2750000.0,0.0,0.0,LANCAR
1,54.0,3500000.0,24.0,172083.41,100,301,6000.0,1,874,0,3062500.01,145833.33,26250.0,LANCAR
1,36.0,1500000.0,11.0,136250.0,100,301,6000.0,1,874,0,1375000.0,375000.0,33750.0,MACET
1,28.0,1500000.0,20.0,86250.0,100,301,6000.0,1,874,0,1350000.0,0.0,0.0,LANCAR
0,30.0,5000000.0,4.0,1287500.0,100,301,6000.0,1,874,0,3750000.0,1250000.0,25000.0,LANCAR
0,35.0,5000000.0,24.0,245833.41,100,301,6000.0,1,874,0,5000000.0,208333.33,37500.0,LANCAR
1,29.0,2000000.0,8.0,265000.0,100,301,6000.0,1,874,0,1800000.0,50000.0,15000.0,LANCAR
0,39.0,5000000.0,20.0,287500.0,100,301,6000.0,1,874,0,4750000.0,0.0,0.0,LANCAR
0,35.0,1500000.0,16.0,105000.0,100,301,6000.0,1,874,0,1500000.0,0.0,0.0,LANCAR
1,37.0,1500000.0,20.0,86250.0,100,301,6000.0,1,874,0,1500000.0,0.0,0.0,LANCAR
0,41.0,550000.0,20.0,28325.0,100,301,6000.0,1,874,875,566500.0,283250.0,0.0,MACET
0,30.0,225000.0,8.0,13594.0,100,301,6000.0,1,874,875,108752.0,108752.0,0.0,MACET
0,40.0,40000000.0,40.0,0.0,100,301,6000.0,1,874,875,10000000.0,0.0,0.0,LANCAR
0,43.0,3000000.0,6.0,500000.0,100,301,6000.0,1,874,875,3000000.0,1000000.0,0.0,MACET
1,32.0,690000.0,8.0,86250.0,100,301,6000.0,1,874,875,690000.0,690000.0,0.0,MACET
0,40.0,1944442.0,18.0,108024.65,100,301,6000.0,1,874,875,1644442.0,132098.2,0.0,MACET
1,36.0,1864998.0,18.0,103611.0,100,301,6000.0,1,874,875,1864998.0,414444.0,0.0,MACET
1,35.0,772500.0,20.0,38625.0,100,301,6000.0,1,874,875,772500.0,386250.0,0.0,MACET
0,53.0,1095000.0,63.0,17827.49,100,301,6000.0,1,874,875,1123094.05,178268.8,0.0,MACET
0,44.0,711250.0,16.0,49375.28,100,301,6000.0,1,874,875,640002.08,343751.2,0.0,MACET
0,37.0,8500000.0,16.0,687500.04,100,301,6000.0,1,874,875,7866250.0,4147500.0,1250000.0,MACET
1,49.0,315000.0,16.0,19687.5,100,301,6000.0,1,874,875,315000.0,196875.0,0.0,MACET
0,25.0,2170000.0,12.0,180833.37,100,301,6000.0,1,874,875,1240000.0,878333.3,0.0,MACET
1,32.0,1285714.29,7.0,200816.25,100,301,6000.0,1,874,875,1135714.29,1135714.29,269997.06,MACET
0,46.0,264284.0,7.0,37754.9,100,301,6000.0,1,874,875,264284.0,75509.7,0.0,MACET
0,61.0,1013932.0,20.0,53375.6,100,301,6000.0,1,874,875,1067512.0,533756.0,0.0,MACET
0,35.0,405000.0,12.0,34375.0,100,301,6000.0,1,874,875,412500.0,343750.0,0.0,MACET
1,48.0,425000.0,6.0,70833.35,100,301,6000.0,1,874,875,425000.0,141666.66,0.0,MACET
1,54.0,275000.0,5.0,55000.0,100,301,6000.0,1,874,875,275000.0,110000.0,0.0,MACET
0,51.0,415002.0,12.0,37083.5,100,301,6000.0,1,874,875,445002.0,370835.0,0.0,MACET
1,31.0,788120.0,12.0,65676.74,100,301,6000.0,1,874,875,788120.0,656766.6,0.0,MACET
1,27.0,584250.0,20.0,29212.5,100,301,6000.0,1,874,875,334250.0,42125.0,0.0,MACET
1,41.0,1230000.02,24.0,51250.02,100,301,6000.0,1,874,0,590000.02,0.0,0.0,LANCAR
1,61.0,860000.0,6.0,143333.35,100,301,6000.0,1,876,0,860000.0,860000.0,0.0,MACET
1,34.0,1575000.0,16.0,98437.5,100,301,6000.0,1,876,0,1175000.0,584375.0,0.0,MACET
0,45.0,1233333.34,6.0,205555.84,100,301,6000.0,1,874,0,1233333.34,411111.0,0.0,MACET
1,31.0,1960000.0,6.0,326666.7,100,301,6000.0,1,876,0,1960000.0,1960000.0,0.0,MACET
0,32.0,646666.67,7.0,107777.83,100,301,6000.0,1,876,0,646666.67,184762.0,0.0,MACET
0,32.0,1830000.0,5.0,462000.0,100,301,6000.0,1,874,874,1830000.0,732000.0,109800.0,MACET
0,47.0,848571.44,7.0,121224.92,100,301,6000.0,1,874,0,848571.44,242448.84,0.0,MACET
0,31.0,10000000.0,12.0,1033333.37,100,301,6000.0,1,874,0,4166666.69,2499999.99,600000.0,MACET
1,-42.0,247500.0,4.0,70313.0,100,301,6000.0,1,874,0,247500.0,123750.0,16876.0,MACET
1,37.0,3083333.34,5.0,736666.94,100,301,6000.0,1,874,874,2416666.68,566666.54,120000.0,MACET
1,41.0,750000.0,3.0,272500.0,100,301,6000.0,1,874,0,345000.0,95000.0,0.0,MACET
1,42.0,468750.0,5.0,93000.0,100,301,6000.0,1,874,0,375000.0,375000.0,45000.0,MACET
1,42.0,1200000.0,6.0,236000.0,100,301,6000.0,1,874,0,1036000.0,236000.0,36000.0,MACET
0,41.0,315000.0,3.0,86666.68,100,301,6000.0,1,874,0,215000.0,215000.0,45000.0,MACET
1,30.0,893500.0,12.0,163916.7,100,301,6000.0,1,874,0,616000.0,541541.63,60000.0,MACET
1,37.0,93750.0,1.0,105000.0,100,301,6000.0,1,874,0,93750.0,93750.0,11250.0,MACET
1,43.0,1500000.02,18.0,98333.41,100,301,6000.0,1,874,0,1500000.02,916666.63,165000.0,MACET
0,25.0,5536666.69,30.0,251055.56,100,301,6000.0,1,874,0,5036166.69,1529611.16,532000.0,MACET
0,33.0,900000.0,40.0,25200.0,100,301,6000.0,1,874,0,885000.0,210000.0,27000.0,MACET
0,30.0,3000000.0,3.0,276666.68,100,301,6000.0,1,874,0,650000.0,650000.0,180000.0,MACET
1,50.0,1650000.0,14.0,143077.24,100,301,6000.0,1,874,0,1550000.0,1078571.4,150000.0,MACET
0,42.0,1000000.0,2.0,140000.0,100,301,6000.0,1,874,0,250000.0,250000.0,30000.0,MACET
1,38.0,3334000.0,3.0,1211333.34,100,301,6000.0,1,874,0,2834000.0,1722666.66,200000.0,MACET
1,1.0,2000000.0,24.0,98333.41,100,301,6000.0,1,874,0,1583333.35,1499999.94,270000.0,MACET
1,46.0,2000000.0,24.0,98333.41,100,301,6000.0,1,874,0,1078333.36,994999.95,180000.0,MACET
1,33.0,2000000.0,24.0,98333.41,100,301,6000.0,1,874,0,166666.74,0.0,0.0,LANCAR
1,34.0,2000000.0,24.0,140000.0,100,301,6000.0,1,874,0,993333.36,743333.29,135000.0,MACET
0,51.0,2000000.0,5.0,472000.0,100,301,6000.0,1,874,0,400000.0,0.0,0.0,LANCAR
1,38.0,2000000.0,24.0,98333.41,100,301,6000.0,1,874,0,1361666.68,861666.62,165000.0,MACET
1,48.0,2000000.0,20.0,115000.0,100,301,6000.0,1,874,0,1200000.0,900000.0,135000.0,MACET
1,41.0,2000000.0,20.0,115000.0,100,301,6000.0,1,874,0,900000.0,300000.0,30000.0,MACET
1,52.0,2000000.0,5.0,460000.0,100,301,6000.0,1,874,0,800000.0,0.0,0.0,LANCAR
1,42.0,1000000.0,16.0,90833.37,100,301,6000.0,1,874,0,437500.0,250000.0,30000.0,MACET
1,24.0,1500000.0,80.0,21000.0,100,301,6000.0,1,874,0,1050000.0,768750.0,92250.0,MACET
1,39.0,1000000.0,16.0,90833.37,100,301,6000.0,1,874,0,812500.0,625000.0,75000.0,MACET
1,41.0,1500000.0,5.0,345000.0,100,301,6000.0,1,874,0,900000.0,0.0,0.0,LANCAR
1,27.0,1500000.0,20.0,86250.0,100,301,6000.0,1,874,0,952500.0,427500.0,78750.0,MACET
0,41.0,1500000.0,16.0,105000.0,100,301,6000.0,1,874,0,656250.0,281250.0,33750.0,MACET
1,37.0,1500000.0,20.0,86250.0,100,301,6000.0,1,874,0,900000.0,300000.0,45000.0,MACET
1,47.0,2000000.0,20.0,115000.0,100,301,6000.0,1,874,0,1000000.0,200000.0,30000.0,LANCAR
1,27.0,4000000.0,5.0,920000.0,100,301,6000.0,1,874,0,3220000.0,820000.0,90000.0,MACET
0,34.0,1000000.0,16.0,70000.0,100,301,6000.0,1,874,0,500000.0,125000.0,15000.0,LANCAR
0,52.0,1000000.0,12.0,90833.37,100,301,6000.0,1,874,0,333333.36,166666.66,15000.0,LANCAR
1,35.0,3000000.0,20.0,172500.0,100,301,6000.0,1,874,0,1800000.0,300000.0,45000.0,LANCAR
0,51.0,1000000.0,12.0,90833.37,100,301,6000.0,1,874,0,666666.68,499999.98,46333.32,MACET
0,48.0,2000000.0,20.0,115000.0,100,301,6000.0,1,874,0,1425000.0,325000.0,60000.0,MACET
0,30.0,2000000.0,16.0,181666.74,100,301,6000.0,1,874,0,1235000.0,110000.0,3512.0,LANCAR
1,48.0,1500000.0,20.0,86250.0,100,301,6000.0,1,874,0,823500.0,0.0,0.0,LANCAR
1,48.0,1500000.0,16.0,105000.0,100,301,6000.0,1,874,0,937500.0,0.0,0.0,LANCAR
1,33.0,1500000.0,16.0,105000.0,100,301,6000.0,1,874,0,1312500.0,375000.0,45000.0,MACET
0,42.0,2000000.0,8.0,265000.0,100,301,6000.0,1,874,0,1000000.0,500000.0,30000.0,LANCAR
1,46.0,2000000.0,16.0,140000.0,100,301,6000.0,1,874,0,1650000.0,275000.0,45000.0,MACET
0,47.0,2000000.0,10.0,260000.0,100,301,6000.0,1,874,0,2000000.0,200000.0,60000.0,LANCAR
1,56.0,2000000.0,3.0,726666.68,100,301,6000.0,1,874,0,2000000.0,0.0,0.0,LANCAR
1,34.0,2000000.0,40.0,53000.0,100,301,6000.0,1,874,0,1500000.0,300000.0,18000.0,LANCAR
1,36.0,2000000.0,60.0,36333.53,100,301,6000.0,1,874,0,1689000.02,222333.3,21000.0,LANCAR
1,36.0,1000000.0,12.0,90833.37,100,301,6000.0,1,874,0,833333.34,0.0,0.0,LANCAR
1,29.0,1000000.0,12.0,90833.37,100,301,6000.0,1,874,0,833000.0,82999.99,7500.0,LANCAR
1,24.0,2000000.0,8.0,310000.0,100,301,6000.0,1,874,0,2000000.0,0.0,0.0,LANCAR
1,35.0,4000000.0,12.0,373333.37,100,301,6000.0,1,874,0,3666000.0,0.0,0.0,LANCAR
0,45.0,1500000.0,1.0,1650000.0,100,301,6000.0,1,874,0,1500000.0,0.0,0.0,LANCAR
1,44.0,1000000.0,16.0,70000.0,100,301,6000.0,1,874,0,1000000.0,187500.0,22500.0,MACET
1,51.0,1000000.0,12.0,90833.37,100,301,6000.0,1,874,0,833333.34,0.0,0.0,LANCAR
1,-48.0,500000.0,8.0,67500.0,100,301,6000.0,1,874,0,500000.0,62500.0,5000.0,LANCAR
1,27.0,1500000.0,20.0,86250.0,100,301,6000.0,1,874,0,1424250.0,0.0,0.0,LANCAR
1,45.0,700000.0,3.0,254333.34,100,301,6000.0,1,874,0,700000.0,0.0,0.0,LANCAR
0,28.0,1000000.0,3.0,363333.34,100,301,6000.0,1,874,0,1000000.0,0.0,0.0,LANCAR
1,34.0,1000000.0,12.0,90833.37,100,301,6000.0,1,874,0,1000000.0,0.0,0.0,LANCAR
1,35.0,2000000.0,24.0,98333.41,100,301,6000.0,1,874,0,2000000.0,0.0,0.0,LANCAR
0,34.0,20000000.0,12.0,2266666.74,100,301,6000.0,1,874,0,20000000.0,0.0,0.0,LANCAR
1,48.0,22000000.0,36.0,776111.15,100,301,6000.0,1,874,0,22000000.0,0.0,0.0,LANCAR
1,37.0,131670.0,12.0,10972.5,100,301,6000.0,1,874,875,131670.0,109725.0,0.0,MACET
1,25.0,1385000.0,20.0,79375.0,100,301,6000.0,1,874,875,1587500.0,793750.0,0.0,MACET
1,41.0,2000000.0,12.0,196666.74,100,301,6000.0,1,874,875,2010000.0,1616666.6,0.0,MACET
1,45.0,1042000.0,67.0,16659.84,100,301,6000.0,1,874,875,1066204.0,116597.6,0.0,MACET
1,43.0,1200000.0,12.0,115000.0,100,301,6000.0,1,874,875,1380000.0,1150000.0,0.0,MACET
1,30.0,780834.0,12.0,70694.5,100,301,6000.0,1,874,875,848334.0,706945.0,0.0,MACET
1,39.0,645000.0,16.0,40312.5,100,301,6000.0,1,874,875,425000.0,183125.0,0.0,MACET
1,40.0,451668.0,10.0,45166.8,100,301,6000.0,1,874,875,451668.0,180667.2,0.0,MACET
1,45.0,461671.0,12.0,38472.62,100,301,6000.0,1,874,875,216671.0,139725.8,0.0,MACET
1,27.0,590834.0,12.0,49236.24,100,301,6000.0,1,874,875,590834.0,98472.32,0.0,MACET
1,47.0,1250000.0,10.0,112750.0,100,301,6000.0,1,874,875,965500.0,965500.0,162000.0,MACET
1,41.0,1608750.0,20.0,80437.5,100,301,6000.0,1,874,875,1458750.0,654375.0,0.0,MACET
0,27.0,2062500.0,16.0,144375.25,100,301,6000.0,1,874,875,2310004.0,1443752.5,0.0,MACET
1,26.0,1176669.47,15.0,78445.07,100,301,6000.0,1,874,875,826669.47,434446.0,0.0,MACET
1,29.0,682500.0,20.0,34125.0,100,301,6000.0,1,874,875,603500.0,262250.0,0.0,MACET
0,30.0,4600000.0,20.0,230000.0,100,301,6000.0,1,874,0,4000000.0,1700000.0,0.0,MACET
1,30.0,545000.02,6.0,98333.37,100,301,6000.0,1,874,0,545000.02,181666.66,15000.0,MACET
1,37.0,1200000.0,4.0,345000.0,100,301,6000.0,1,874,0,1200000.0,600000.0,90000.0,MACET
1,54.0,1666666.72,16.0,122916.68,100,301,6000.0,1,874,0,1458166.72,833166.8,150000.0,MACET
1,30.0,1500000.0,16.0,105000.0,100,301,6000.0,1,874,0,375000.0,0.0,0.0,LANCAR
1,36.0,4000000.0,24.0,196666.82,100,301,6000.0,1,874,0,2833333.38,833333.3,150000.0,MACET
1,0.0,1500000.0,16.0,105000.0,100,301,6000.0,1,874,0,656250.0,0.0,0.0,LANCAR
0,50.0,1500000.0,16.0,105000.0,100,301,6000.0,1,874,0,562500.0,0.0,0.0,LANCAR
1,49.0,1500000.0,16.0,105000.0,100,301,6000.0,1,874,0,1218750.0,375000.0,45000.0,MACET
0,35.0,1000000.0,12.0,90833.37,100,301,6000.0,1,874,0,583333.35,0.0,0.0,LANCAR
1,42.0,2500000.0,16.0,175000.0,100,301,6000.0,1,874,0,1875000.0,156250.0,18750.0,LANCAR
0,42.0,1000000.0,12.0,90833.37,100,301,6000.0,1,874,0,750000.01,166666.66,15000.0,LANCAR
1,48.0,1000000.0,12.0,90833.37,100,301,6000.0,1,874,0,666000.0,82666.65,7500.0,LANCAR
0,29.0,1500000.0,16.0,105000.0,100,301,6000.0,1,874,0,1125000.0,0.0,0.0,LANCAR
0,37.0,1500000.0,12.0,136250.0,100,301,6000.0,1,874,0,1250000.0,125000.0,11250.0,LANCAR
0,30.0,2000000.0,16.0,140000.0,100,301,6000.0,1,874,0,2000000.0,125000.0,15000.0,LANCAR
1,36.0,1500000.0,16.0,105000.0,100,301,6000.0,1,874,0,1500000.0,0.0,0.0,LANCAR
1,38.0,3000000.0,16.0,210000.0,100,301,6000.0,1,874,0,3000000.0,0.0,0.0,LANCAR
0,61.0,154169.0,12.0,12847.49,100,301,6000.0,1,874,875,154169.0,128474.1,0.0,MACET
1,43.0,1178000.0,24.0,49083.41,100,301,6000.0,1,874,875,1178000.0,490833.3,0.0,MACET
0,43.0,865000.0,20.0,43250.0,100,301,6000.0,1,874,875,765000.0,332500.0,0.0,MACET
1,30.0,1031250.0,11.0,115500.0,100,301,6000.0,1,874,0,843750.0,750000.0,95000.0,MACET
1,38.0,1500000.0,16.0,105000.0,100,301,6000.0,1,874,0,1031250.0,0.0,0.0,LANCAR
1,43.0,3000000.0,6.0,590000.0,100,301,6000.0,1,874,0,3000000.0,0.0,0.0,LANCAR
0,38.0,3771000.0,12.0,366333.54,100,301,6000.0,1,874,875,3771000.0,3142500.0,0.0,MACET
0,35.0,1766001.0,8.0,233289.0,100,301,6000.0,1,874,875,1766001.0,1766001.0,0.0,MACET
1,39.0,4600000.0,12.0,383333.37,100,301,6000.0,1,874,875,4600000.0,766666.66,0.0,MACET
1,46.0,267669.0,15.0,19344.6,100,301,6000.0,1,874,875,290169.0,193446.0,0.0,MACET
1,50.0,666668.0,12.0,60555.74,100,301,6000.0,1,874,875,726668.0,605556.6,0.0,MACET
0,68.0,769167.0,12.0,70347.25,100,301,6000.0,1,874,875,744167.0,603472.5,0.0,MACET
1,42.0,899550.0,24.0,43106.25,100,301,6000.0,1,874,875,934550.0,331062.5,0.0,MACET
0,35.0,2187500.02,24.0,91145.93,100,301,6000.0,1,874,0,2062500.02,968749.96,0.0,MACET
1,29.0,5000000.0,32.0,189063.0,100,301,6000.0,1,874,0,3103756.0,2478756.0,525008.0,MACET
0,42.0,3500000.0,16.0,245000.0,100,301,6000.0,1,874,0,2406250.0,0.0,0.0,LANCAR
0,47.0,1395000.0,30.0,50063.0,100,301,6000.0,1,874,875,1235689.0,584689.0,46319.0,MACET
1,42.0,190000.0,38.0,5000.0,100,301,6000.0,1,874,875,190000.0,50000.0,0.0,MACET
1,42.0,488894.0,20.0,26727.7,100,301,6000.0,1,874,875,494554.0,227277.0,0.0,MACET
1,44.0,684800.0,20.0,38320.0,100,301,6000.0,1,874,875,566400.0,183200.0,0.0,MACET
1,43.0,16975000.0,679.0,25000.0,100,301,6000.0,1,874,875,16975000.0,275000.0,0.0,MACET
0,1043.0,686667.34,3.0,62222.68,100,301,6000.0,1,874,875,186667.34,186667.34,0.0,MACET
0,40.0,38500000.0,12.0,3208333.37,100,301,6000.0,1,874,875,7823334.0,1406667.3,0.0,LANCAR
0,37.0,5500000.0,12.0,518750.0,100,301,6000.0,1,874,875,5206250.0,4255208.3,0.0,MACET
1,45.0,1950000.0,20.0,121875.0,100,301,6000.0,1,874,800,1940000.0,840000.0,0.0,MACET
0,43.0,8028495.55,10.0,802849.6,100,301,6000.0,1,874,875,8028495.55,1605699.2,0.0,MACET
1,39.0,1660000.0,6.0,276666.7,100,301,6000.0,1,874,875,1660000.0,1660000.0,0.0,MACET
1,32.0,945000.0,20.0,47250.0,100,301,6000.0,1,874,875,945000.0,472500.0,0.0,MACET
0,43.0,80000000.0,48.0,2004166.98,100,301,6000.0,1,874,800,80000000.0,26666666.56,5400000.0,MACET
0,28.0,430000.0,6.0,71666.7,100,301,6000.0,1,876,0,430000.0,143333.32,0.0,MACET
0,34.0,1761666.67,9.0,173518.55,100,301,6000.0,1,874,0,1561666.67,1561666.67,0.0,MACET
0,36.0,780000.0,3.0,173333.34,100,301,6000.0,1,874,0,520000.0,520000.0,0.0,MACET
0,44.0,303750.0,7.0,43392.9,100,301,6000.0,1,874,0,30750.0,0.0,0.0,LANCAR
1,32.0,2065000.01,3.0,105000.01,100,301,8000.0,1,874,874,315000.01,315000.01,0.0,MACET
1,36.0,8000000.0,15.0,693333.38,100,301,6000.0,1,874,0,4528000.01,3994666.63,1280000.0,MACET
1,37.0,635000.0,5.0,127000.0,100,301,6000.0,1,874,0,535000.0,154000.0,0.0,MACET
0,41.0,2208333.34,6.0,368055.84,100,301,6000.0,1,874,0,2208333.34,1472222.0,0.0,MACET
0,36.0,5000000.0,1.0,650000.0,100,301,6000.0,1,874,874,500000.0,500000.0,150000.0,MACET
0,40.0,8000000.0,7.0,723809.84,100,301,6000.0,1,874,874,1333333.4,1333333.4,400000.0,MACET
0,35.0,1500000.0,10.0,37107.2,100,301,6000.0,1,874,0,276881.76,276881.76,94185.27,MACET
0,43.0,1295000.01,24.0,53958.42,100,301,6000.0,1,874,0,1295000.01,647499.96,0.0,MACET
1,35.0,750000.0,10.0,71003.0,100,301,6000.0,1,874,0,655000.0,467500.0,0.0,MACET
1,45.0,812500.0,16.0,52857.0,100,301,6000.0,1,874,0,772500.0,569375.0,0.0,MACET
1,56.0,3075000.0,9.0,274999.75,100,301,6000.0,1,874,874,2274999.0,2274999.0,199998.03,MACET
0,34.0,5000000.0,12.0,541666.74,100,301,6000.0,1,874,0,831666.7,0.0,0.0,LANCAR
1,36.0,666666.68,10.0,53566.7,100,301,6000.0,1,874,0,493666.68,493666.68,42000.0,MACET
1,25.0,2665000.0,8.0,573125.01,100,301,6000.0,1,874,0,1515000.0,182500.0,0.0,MACET
1,43.0,1200000.0,16.0,86406.0,100,301,6000.0,1,874,0,1200000.0,825000.0,125466.0,MACET
0,60.0,1241666.68,14.0,104761.5,100,301,6000.0,1,874,0,1152976.18,886905.0,165471.5,MACET
0,60.0,583333.35,7.0,77640.0,100,301,6000.0,1,874,0,533333.35,533333.35,52500.0,MACET
1,25.0,812500.0,13.0,70000.0,100,301,6000.0,1,874,0,812500.0,687500.0,82500.0,MACET
1,45.0,871333.52,48.0,20360.79,100,301,6000.0,1,874,0,835027.94,163375.11,20593.58,MACET
0,38.0,713500.0,30.0,27383.43,100,301,6000.0,1,874,0,426700.0,0.0,0.0,LANCAR
1,44.0,1322666.84,64.0,24416.67,100,301,6000.0,1,874,0,786166.84,641500.19,116250.0,MACET
1,48.0,800000.0,4.0,230000.0,100,301,6000.0,1,874,0,600000.0,200000.0,30000.0,MACET
0,31.0,1640000.0,16.0,118438.0,100,301,6000.0,1,874,0,1441876.0,929376.0,143442.0,MACET
0,32.0,1741750.0,20.0,87087.5,100,301,6000.0,1,874,0,526750.0,0.0,0.0,LANCAR
1,34.0,1137250.0,76.0,17214.25,100,301,6000.0,1,874,0,969500.0,550512.88,83250.0,MACET
0,30.0,1500000.0,4.0,420000.0,100,301,6000.0,1,874,0,1125000.0,375000.0,45000.0,MACET
0,46.0,15000000.0,48.0,406250.0,100,301,6000.0,1,874,0,5343500.0,343500.0,187500.0,MACET
0,47.0,5000000.0,10.0,650000.0,100,301,6000.0,1,874,0,2950000.0,950000.0,300000.0,MACET
0,45.0,472500.01,12.0,42919.01,100,301,6000.0,1,874,0,376044.01,376044.01,38984.0,MACET
1,27.0,1000000.0,8.0,90833.37,100,301,6000.0,1,874,0,666666.68,666666.68,60000.0,MACET
1,40.0,1500000.0,6.0,295000.0,100,301,6000.0,1,874,0,750000.0,500000.0,90000.0,MACET
1,26.0,3000000.0,10.0,390000.0,100,301,6000.0,1,874,0,1800000.0,0.0,0.0,LANCAR
1,37.0,1500000.0,5.0,345000.0,100,301,6000.0,1,874,0,900000.0,600000.0,90000.0,MACET
0,35.0,5000000.0,12.0,566666.74,100,301,6000.0,1,874,0,3750000.02,416666.66,150000.0,MACET
0,23.0,1500000.0,20.0,86250.0,100,301,6000.0,1,874,0,666750.0,516750.0,78750.0,MACET
1,27.0,1500000.0,5.0,345000.0,100,301,6000.0,1,874,0,1200000.0,900000.0,135000.0,MACET
1,45.0,5000000.0,20.0,287500.0,100,301,6000.0,1,874,0,2850000.0,2100000.0,337500.0,MACET
1,2.0,3000000.0,24.0,147500.0,100,301,6000.0,1,874,0,2000000.0,1000000.0,177500.0,MACET
1,37.0,1500000.0,20.0,86250.0,100,301,6000.0,1,874,0,995500.0,695500.0,112500.0,MACET
0,55.0,1000000.0,20.0,57500.0,100,301,6000.0,1,874,0,442500.0,242500.0,37500.0,MACET
0,51.0,5000000.0,24.0,245833.41,100,301,6000.0,1,874,0,4370833.34,2287499.96,412500.0,MACET
1,25.0,2000000.0,24.0,98333.41,100,301,6000.0,1,874,0,1661666.67,828333.29,150000.0,MACET
0,24.0,3000000.0,100.0,34500.0,100,301,6000.0,1,874,0,1320000.0,360000.0,54000.0,MACET
1,34.0,3000000.0,24.0,147500.0,100,301,6000.0,1,874,0,1947500.0,697500.0,135000.0,MACET
0,42.0,1000000.0,4.0,363333.34,100,301,6000.0,1,874,0,250000.0,0.0,0.0,LANCAR
1,25.0,1500000.0,20.0,86250.0,100,301,6000.0,1,874,0,519750.0,69750.0,11250.0,LANCAR
0,47.0,2000000.0,24.0,98333.41,100,301,6000.0,1,874,0,1246666.69,329999.98,60000.0,MACET
1,0.0,1500000.0,16.0,105000.0,100,301,6000.0,1,874,0,375000.0,93750.0,11250.0,LANCAR
0,25.0,3000000.0,20.0,172500.0,100,301,6000.0,1,874,0,1345000.0,0.0,0.0,LANCAR
0,53.0,5000000.0,16.0,359375.0,100,301,6000.0,1,874,0,1875000.0,312500.0,46875.0,LANCAR
1,28.0,1500000.0,20.0,86250.0,100,301,6000.0,1,874,0,1045500.0,370500.0,56250.0,MACET
0,52.0,1500000.0,6.0,295000.0,100,301,6000.0,1,874,0,1000000.0,0.0,0.0,LANCAR
0,28.0,1500000.0,100.0,17250.0,100,301,6000.0,1,874,0,969750.0,219750.0,33750.0,MACET
1,33.0,1500000.0,16.0,105000.0,100,301,6000.0,1,874,0,1125000.0,562500.0,67500.0,MACET
1,31.0,1000000.0,12.0,90833.37,100,301,6000.0,1,874,0,332000.0,165333.3,15000.0,LANCAR
0,37.0,1000000.0,12.0,90833.37,100,301,6000.0,1,874,0,250000.03,83333.33,7500.0,LANCAR
1,36.0,1000000.0,12.0,90833.37,100,301,6000.0,1,874,0,416666.69,166666.66,15000.0,LANCAR
1,28.0,3000000.0,6.0,590000.0,100,301,6000.0,1,874,0,2500000.0,500000.0,90000.0,LANCAR
1,44.0,1000000.0,12.0,90833.37,100,301,6000.0,1,874,0,816500.0,399833.31,37500.0,MACET
0,53.0,500000.0,5.0,115000.0,100,301,6000.0,1,874,0,400000.0,0.0,0.0,LANCAR
0,0.0,1000000.0,3.0,363333.34,100,301,6000.0,1,874,0,720000.0,53333.33,30000.0,MACET
0,27.0,2000000.0,6.0,393333.35,100,301,6000.0,1,874,0,1666666.67,0.0,0.0,LANCAR
1,36.0,1500000.0,5.0,345000.0,100,301,6000.0,1,874,0,1200000.0,300000.0,45000.0,MACET
1,32.0,1500000.0,16.0,105000.0,100,301,6000.0,1,874,0,843750.0,0.0,0.0,LANCAR
1,32.0,1500000.0,120.0,14750.0,100,301,6000.0,1,874,0,1321500.0,246500.0,45000.0,MACET
1,23.0,1500000.0,20.0,86250.0,100,301,6000.0,1,874,0,1045500.0,70500.0,11250.0,LANCAR
0,30.0,3000000.0,24.0,147500.0,100,301,6000.0,1,874,0,2495000.0,120000.0,22500.0,LANCAR
1,21.0,1500000.0,16.0,105000.0,100,301,6000.0,1,874,0,1125000.0,93750.0,11250.0,LANCAR
0,30.0,1000000.0,12.0,90833.37,100,301,6000.0,1,874,0,749500.0,166166.65,15000.0,LANCAR
1,26.0,1000000.0,12.0,90833.37,100,301,6000.0,1,874,0,833000.0,249666.65,22500.0,MACET
0,48.0,1000000.0,12.0,90833.37,100,301,6000.0,1,874,0,750000.01,83333.33,7500.0,LANCAR
0,28.0,2000000.0,24.0,98333.41,100,301,6000.0,1,874,0,1696666.67,29999.99,15000.0,LANCAR
1,40.0,500000.0,8.0,66250.0,100,301,6000.0,1,874,0,437500.0,187500.0,11250.0,MACET
0,37.0,10000000.0,12.0,1133333.37,100,301,6000.0,1,874,0,10000000.0,0.0,0.0,LANCAR
1,41.0,2000000.0,4.0,515000.0,100,301,6000.0,1,874,0,2000000.0,2000000.0,60000.0,MACET
1,35.0,2000000.0,20.0,115000.0,100,301,6000.0,1,874,0,1800000.0,100000.0,15000.0,LANCAR
1,32.0,1500000.0,16.0,105000.0,100,301,6000.0,1,874,0,1406250.0,187500.0,22500.0,LANCAR
1,38.0,1000000.0,12.0,90833.37,100,301,6000.0,1,874,0,750000.01,0.0,0.0,LANCAR
1,53.0,1000000.0,80.0,14000.0,100,301,6000.0,1,874,0,850000.0,37500.0,4500.0,LANCAR
1,37.0,500000.0,2.0,265000.0,100,301,6000.0,1,874,0,350000.0,0.0,0.0,LANCAR
1,30.0,1500000.0,3.0,545000.0,100,301,6000.0,1,874,0,1500000.0,0.0,0.0,LANCAR
1,37.0,2000000.0,16.0,140000.0,100,301,6000.0,1,874,0,1750000.0,0.0,0.0,LANCAR
1,35.0,1000000.0,12.0,90833.37,100,301,6000.0,1,874,0,833333.34,0.0,0.0,LANCAR
1,34.0,1500000.0,6.0,295000.0,100,301,6000.0,1,874,0,1500000.0,0.0,0.0,LANCAR
0,30.0,500000.0,8.0,67500.0,100,301,6000.0,1,874,0,437500.0,62500.0,5000.0,LANCAR
0,43.0,3000000.0,10.0,390000.0,100,301,6000.0,1,874,0,3000000.0,0.0,0.0,LANCAR
1,38.0,3000000.0,10.0,390000.0,100,301,6000.0,1,874,0,3000000.0,0.0,0.0,LANCAR
1,39.0,1500000.0,12.0,136250.0,100,301,6000.0,1,874,0,1375000.0,125000.0,11250.0,LANCAR
0,34.0,1300000.0,6.0,255666.7,100,301,6000.0,1,874,0,1300000.0,0.0,0.0,LANCAR
0,54.0,2500000.0,24.0,122916.82,100,301,6000.0,1,874,0,2500000.0,104166.66,18750.0,LANCAR
0,-49.0,1500000.0,5.0,345000.0,100,301,6000.0,1,874,0,1500000.0,0.0,0.0,LANCAR
1,76.0,2000000.0,6.0,393333.35,100,301,6000.0,1,874,0,2000000.0,0.0,0.0,LANCAR
0,28.0,3500000.0,6.0,688333.35,100,301,6000.0,1,874,0,3500000.0,0.0,0.0,LANCAR
1,22.0,4000000.0,32.0,155000.0,100,301,6000.0,1,874,0,4000000.0,0.0,0.0,LANCAR
1,40.0,1000000.0,12.0,90833.37,100,301,6000.0,1,874,0,1000000.0,0.0,0.0,LANCAR
1,41.0,5000000.0,4.0,1287500.0,100,301,6000.0,1,874,0,5000000.0,0.0,0.0,LANCAR
1,33.0,3000000.0,24.0,147500.0,100,301,6000.0,1,874,0,3000000.0,0.0,0.0,LANCAR
1,38.0,1066260.0,20.0,53313.15,100,301,6000.0,1,874,875,1066260.0,533130.0,0.0,MACET
0,34.0,2083332.0,24.0,94097.32,100,301,6000.0,1,874,875,2114332.0,796971.6,0.0,MACET
1,49.0,530000.0,12.0,44166.74,100,301,6000.0,1,876,0,530000.0,441666.6,0.0,MACET
1,2.0,25000000.0,25.0,1187500.0,100,301,6000.0,1,874,0,12000000.0,0.0,0.0,LANCAR
1,41.0,10000000.0,12.0,1133333.37,100,301,6000.0,1,874,0,5000000.02,833333.33,300000.0,MACET
1,30.0,1785714.29,3.0,745238.29,100,301,6000.0,1,874,0,1785714.29,1190476.0,300000.0,MACET
1,28.0,1000000.0,10.0,130000.0,100,301,6000.0,1,874,0,500000.0,0.0,0.0,LANCAR
1,41.0,6000000.0,10.0,660000.0,100,301,6000.0,1,874,0,3600000.0,600000.0,60000.0,LANCAR
1,26.0,1500000.0,20.0,86250.0,100,301,6000.0,1,874,0,512500.0,362500.0,67500.0,MACET
1,41.0,1500000.0,4.0,420000.0,100,301,6000.0,1,874,0,1125000.0,375000.0,45000.0,MACET
0,40.0,2500000.0,5.0,525000.0,100,301,6000.0,1,874,0,1500000.0,0.0,0.0,LANCAR
0,47.0,1500000.0,5.0,345000.0,100,301,6000.0,1,874,0,1200000.0,0.0,0.0,LANCAR
1,28.0,2000000.0,10.0,260000.0,100,301,6000.0,1,874,0,1800000.0,0.0,0.0,LANCAR
1,43.0,10000000.0,10.0,1320000.0,100,301,6000.0,1,874,0,9000000.0,0.0,0.0,LANCAR
1,0.0,1000000.0,80.0,14000.0,100,301,6000.0,1,874,0,812500.0,75000.0,9000.0,LANCAR
0,45.0,2000000.0,2.0,1060000.0,100,301,6000.0,1,874,0,2000000.0,0.0,0.0,LANCAR
1,27.0,2000000.0,1.0,2060000.0,100,301,6000.0,1,874,0,2000000.0,0.0,0.0,LANCAR
0,45.0,1500000.0,12.0,136250.0,100,301,6000.0,1,874,0,1375000.0,0.0,0.0,LANCAR
1,30.0,5000000.0,24.0,983333.35,100,301,6000.0,1,874,0,5000000.0,0.0,0.0,LANCAR
0,40.0,2000000.0,12.0,226666.74,100,301,6000.0,1,874,0,2000000.0,0.0,0.0,LANCAR
1,26.0,245166.0,6.0,40861.0,100,302,6000.0,1,874,875,95166.0,13444.0,0.0,MACET
0,44.0,1000000.0,12.0,90833.37,100,302,6000.0,1,874,0,1000000.0,1000000.0,90000.0,MACET
1,34.0,5000000.0,24.0,245833.41,100,301,6000.0,1,874,0,3958333.35,833333.32,150000.0,MACET
1,37.0,10000000.0,12.0,1033333.37,100,302,6000.0,1,874,0,8334000.0,666.66,0.0,LANCAR
1,25.0,2000000.0,3.0,726666.68,100,302,6000.0,1,874,0,666666.68,0.0,0.0,LANCAR
0,31.0,7000000.0,14.0,605000.0,100,302,6000.0,1,874,0,5000000.0,0.0,0.0,LANCAR
0,25.0,5000000.0,10.0,650000.0,100,301,6000.0,1,874,0,2950000.0,950000.0,450000.0,MACET
1,40.0,340000.0,8.0,42500.0,100,303,6000.0,1,874,0,240000.0,70000.0,0.0,MACET
0,-48.0,330000.0,8.0,41250.0,100,303,6000.0,1,874,0,330000.0,82500.0,0.0,MACET
0,52.0,200000.0,10.0,20000.0,100,303,6000.0,1,874,0,75000.0,0.0,0.0,LANCAR
0,34.0,10000000.0,1.0,10350000.0,100,303,6000.0,1,874,0,10000000.0,0.0,0.0,LANCAR
0,28.0,1140000.0,12.0,95000.0,100,303,6000.0,1,874,0,1140000.0,95000.0,0.0,LANCAR
1,43.0,500000.0,4.0,125000.0,100,303,6000.0,1,874,875,500000.0,250000.0,0.0,MACET
1,34.0,2500000.0,12.0,208333.37,100,304,6000.0,1,874,0,2500000.0,208333.33,0.0,MACET
1,43.0,2500000.0,12.0,208333.37,100,304,6000.0,1,874,0,2500000.0,208333.33,0.0,MACET
0,38.0,2500000.0,12.0,208333.37,100,304,6000.0,1,874,0,2500000.0,208333.33,0.0,MACET
1,44.0,2500000.0,10.0,250000.0,100,304,6000.0,1,874,0,2500000.0,250000.0,0.0,MACET
1,28.0,2500000.0,12.0,208333.37,100,304,6000.0,1,874,0,2291000.0,0.0,0.0,LANCAR
1,33.0,1458333.35,12.0,121528.1,100,304,6000.0,1,876,0,628333.35,142222.0,0.0,MACET
0,80.0,940000.0,47.0,20000.0,100,305,6000.0,1,874,875,940000.0,240000.0,0.0,MACET
0,2.0,116663.0,5.0,23333.0,100,305,6000.0,1,874,875,116663.0,46666.0,0.0,MACET
0,45.0,3520000.0,12.0,293333.37,100,305,6000.0,1,874,875,2920000.0,0.0,0.0,LANCAR
0,44.0,4520000.0,12.0,376666.74,100,305,6000.0,1,874,875,4320000.0,553333.32,0.0,MACET
0,45.0,5000000.0,12.0,416666.74,100,305,6000.0,1,874,875,5000000.0,833333.32,0.0,MACET
0,45.0,10000000.0,10.0,1000000.0,100,305,6000.0,1,874,800,10000000.0,2000000.0,0.0,MACET
0,50.0,1275000.0,10.0,127500.0,100,305,6000.0,1,874,875,1275000.0,1147500.0,0.0,MACET
1,60.0,1200000.0,12.0,100000.0,100,305,6000.0,1,874,875,1184064.99,884064.99,0.0,MACET
0,46.0,1420000.0,72.0,19722.38,100,305,6000.0,1,874,875,1420000.0,236666.64,0.0,MACET
0,60.0,880000.0,8.0,110000.0,100,305,6000.0,1,874,875,880000.0,440000.0,0.0,MACET
1,35.0,2312000.0,50.0,46240.0,100,305,6000.0,1,874,875,2312000.0,462400.0,0.0,MACET
1,28.0,1000000.0,10.0,100000.0,100,305,6000.0,1,874,875,1000000.0,900000.0,0.0,MACET
1,29.0,3200000.0,10.0,320000.0,100,305,6000.0,1,874,0,2880000.0,320000.0,0.0,MACET
0,38.0,500000.0,5.0,100000.0,100,305,6000.0,1,874,875,400000.0,300000.0,0.0,MACET
1,52.0,950000.0,4.0,237500.0,100,305,6000.0,1,874,0,275000.0,0.0,0.0,LANCAR
1,54.0,2000000.0,14.0,200000.0,100,305,6000.0,1,874,0,971428.58,685714.26,0.0,MACET
1,43.0,700000.0,50.0,14000.0,100,305,6000.0,1,874,875,700000.0,140000.0,0.0,MACET
1,49.0,239668.0,10.0,23966.8,100,305,6000.0,1,874,875,176668.0,152701.2,0.0,MACET
1,29.0,2500000.0,12.0,208333.37,100,305,6000.0,1,874,0,1033333.34,199999.98,0.0,MACET
0,56.0,400000.0,12.0,33333.37,100,305,6000.0,1,874,875,400000.0,299999.97,0.0,MACET
0,34.0,581335.0,10.0,58133.5,100,305,6000.0,1,874,875,581335.0,523201.5,0.0,MACET
1,27.0,2500000.0,12.0,208333.37,100,305,6000.0,1,874,0,1457666.67,624333.31,0.0,MACET
0,61.0,1320000.0,50.0,26400.0,100,305,6000.0,1,874,875,1320000.0,264000.0,0.0,MACET
1,37.0,2500000.0,10.0,250000.0,100,305,6000.0,1,874,0,1500000.0,750000.0,0.0,MACET
1,35.0,650000.0,5.0,130000.0,100,305,6000.0,1,876,0,300000.0,0.0,0.0,LANCAR
0,33.0,2000000.0,12.0,166666.74,100,305,6000.0,1,874,0,499000.0,0.0,0.0,LANCAR
0,26.0,2000000.0,12.0,166666.74,100,305,6000.0,1,874,0,1280000.0,779999.94,0.0,MACET
0,42.0,2000000.0,12.0,166666.74,100,305,6000.0,1,874,0,1165000.0,331666.62,0.0,MACET
1,26.0,8000000.0,8.0,1000000.0,100,305,6000.0,1,874,0,8000000.0,0.0,0.0,LANCAR
0,37.0,175000.0,4.0,43750.0,100,301,6000.0,2,874,875,175000.0,175000.0,0.0,MACET
1,51.0,310000.0,10.0,38800.0,100,301,6000.0,2,874,875,388000.0,388000.0,0.0,MACET
1,35.0,1380000.0,10.0,138000.0,100,301,6000.0,2,874,875,1380000.0,1380000.0,0.0,MACET
1,37.0,2000000.0,10.0,236000.0,100,301,6000.0,2,874,875,2124000.0,2124000.0,0.0,MACET
0,42.0,1000000.0,10.0,115000.0,100,301,6000.0,2,874,875,1150000.0,1150000.0,0.0,MACET
1,38.0,1500000.0,10.0,184999.82,100,301,6000.0,2,874,875,1551998.02,1551998.02,0.0,MACET
1,40.0,603750.0,10.0,60375.0,100,301,6000.0,2,874,875,603750.0,603750.0,0.0,MACET
1,35.0,695000.0,10.0,78500.0,100,301,6000.0,2,874,875,641000.0,641000.0,0.0,MACET
0,37.0,1500000.0,10.0,172500.0,100,301,6000.0,2,874,875,1590000.0,1590000.0,0.0,MACET
1,44.0,680000.0,10.0,68000.0,100,301,6000.0,2,874,875,288000.0,288000.0,0.0,MACET
0,43.0,6000000.0,10.0,840000.0,100,301,6000.0,2,874,875,6700000.0,6700000.0,0.0,MACET
1,41.0,1200000.0,10.0,142500.0,100,301,6000.0,2,874,875,1425000.0,1425000.0,0.0,MACET
1,35.0,900000.0,10.0,103000.0,100,301,6000.0,2,834,800,890000.0,890000.0,0.0,MACET
0,43.0,406667.0,10.0,42666.7,100,301,6000.0,2,874,875,406667.0,406667.0,20000.0,MACET
1,29.0,2725000.0,10.0,272500.0,100,301,6000.0,2,874,0,2465000.0,2465000.0,0.0,MACET
1,32.0,783500.0,11.0,82477.3,100,301,6000.0,2,874,0,783500.0,783500.0,123750.0,MACET
1,49.0,583333.35,7.0,90833.67,100,301,6000.0,2,874,0,583333.35,583333.35,52500.0,MACET
1,43.0,583333.35,7.0,90833.67,100,301,6000.0,2,874,0,583333.35,583333.35,52500.0,MACET
1,53.0,666666.67,2.0,365000.5,100,301,6000.0,2,874,0,298333.67,298333.67,31667.01,MACET
1,53.0,416666.69,5.0,90833.4,100,301,6000.0,2,874,0,416666.69,416666.69,37500.0,MACET
1,28.0,833333.34,10.0,129761.96,100,301,6000.0,2,874,0,833333.34,833333.34,75000.0,MACET
1,43.0,850000.0,34.0,26500.0,100,301,6000.0,2,874,0,850000.0,850000.0,51000.0,MACET
0,-7162.0,750000.0,8.0,105000.0,100,301,6000.0,2,874,0,750000.0,750000.0,90000.0,MACET
1,40.0,666666.68,8.0,145333.4,100,301,6000.0,2,874,0,666666.68,666666.68,60000.0,MACET
1,48.0,833333.34,10.0,113542.0,100,301,6000.0,2,874,0,833333.34,833333.34,75000.0,MACET
1,38.0,499500.01,6.0,136125.01,100,301,6000.0,2,874,0,499500.01,499500.01,45000.0,MACET
1,32.0,490833.35,6.0,107166.95,100,301,6000.0,2,874,0,398333.35,398333.35,37500.0,MACET
1,41.0,1000000.0,40.0,27250.0,100,301,6000.0,2,874,0,1000000.0,1000000.0,90000.0,MACET
0,46.0,1123750.0,9.0,136111.12,100,301,6000.0,2,874,0,1123750.0,1123750.0,101250.0,MACET
1,25.0,1000000.0,100.0,11500.0,100,301,6000.0,2,874,0,460000.0,460000.0,69000.0,MACET
1,39.0,3000000.0,24.0,147500.0,100,301,6000.0,2,874,0,1625000.0,1625000.0,292500.0,MACET
0,39.0,5000000.0,24.0,245833.41,100,301,6000.0,2,874,0,208333.41,208333.41,37500.0,MACET
1,32.0,1000000.0,100.0,11500.0,100,301,6000.0,2,874,0,100000.0,100000.0,15500.0,MACET
0,43.0,1000000.0,100.0,11500.0,100,301,6000.0,2,874,0,1000000.0,1000000.0,150000.0,MACET
1,30.0,1500000.0,20.0,86250.0,100,301,6000.0,2,874,0,1152250.0,1152250.0,168750.0,MACET
1,46.0,2000000.0,24.0,98333.41,100,301,6000.0,2,874,0,583333.39,583333.39,105000.0,MACET
1,38.0,1000000.0,100.0,11500.0,100,301,6000.0,2,874,0,167000.0,167000.0,25500.0,MACET
0,43.0,1000000.0,100.0,11500.0,100,301,6000.0,2,874,0,787000.0,787000.0,118500.0,MACET
1,48.0,1500000.0,16.0,105000.0,100,301,6000.0,2,874,0,1218750.0,1218750.0,146250.0,MACET
1,38.0,1000000.0,12.0,90833.37,100,301,6000.0,2,874,0,833333.34,833333.34,75000.0,MACET
0,39.0,8000000.0,100.0,89600.0,100,301,6000.0,2,874,0,2274400.0,2274400.0,278400.0,MACET
1,40.0,2500000.0,20.0,143750.0,100,301,6000.0,2,874,0,1000000.0,1000000.0,150000.0,MACET
0,36.0,1000000.0,12.0,90833.37,100,301,6000.0,2,874,0,666000.0,666000.0,60000.0,MACET
0,40.0,2000000.0,16.0,140000.0,100,301,6000.0,2,874,0,250000.0,250000.0,30000.0,MACET
1,37.0,1500000.0,12.0,136250.0,100,301,6000.0,2,874,0,750000.0,750000.0,67500.0,MACET
0,48.0,1500000.0,1.0,1545000.0,100,301,6000.0,2,874,0,700000.0,700000.0,45000.0,MACET
0,34.0,1200000.0,10.0,138000.0,100,301,6000.0,2,874,875,1144000.0,1144000.0,0.0,MACET
1,42.0,1090000.0,10.0,109000.0,100,301,6000.0,2,874,875,940000.0,940000.0,0.0,MACET
1,39.0,600000.0,10.0,69000.0,100,301,6000.0,2,874,875,554000.0,554000.0,0.0,MACET
0,41.0,1500000.0,10.0,172500.0,100,301,6000.0,2,874,875,1520000.0,1520000.0,0.0,MACET
1,35.0,1710000.0,10.0,190000.0,100,301,6000.0,2,874,800,1678000.0,1678000.0,0.0,MACET
0,38.0,1750000.0,10.0,175000.0,100,301,6000.0,2,874,800,1115000.0,1115000.0,0.0,MACET
1,38.0,1000000.0,100.0,11500.0,100,301,6000.0,2,874,0,608500.0,608500.0,91500.0,MACET
0,40.0,336461.0,10.0,33646.1,100,301,6000.0,2,874,875,336461.0,336461.0,0.0,MACET
0,36.0,2333332.0,10.0,233333.2,100,301,6000.0,2,874,875,2333332.0,2333332.0,0.0,MACET
1,40.0,670000.0,10.0,67000.0,100,301,6000.0,2,874,875,627210.53,627210.53,0.0,MACET
0,39.0,390000.0,10.0,48000.0,100,301,6000.0,2,874,875,390000.0,390000.0,0.0,MACET
0,40.0,100000000.0,20.0,0.0,100,301,6000.0,2,874,875,62000000.0,57000000.0,11000000.0,MACET
0,33.0,447500.0,10.0,44750.0,100,301,6000.0,2,874,875,427500.0,427500.0,0.0,MACET
1,41.0,2950000.0,8.0,368750.0,100,301,6000.0,2,874,0,1450000.0,1450000.0,0.0,MACET
1,36.0,538000.0,8.0,89714.18,100,301,6000.0,2,874,0,399250.0,399250.0,78750.0,MACET
1,32.0,220000.0,4.0,55000.0,100,301,6000.0,2,874,0,220000.0,220000.0,0.0,MACET
1,2.0,2300000.0,10.0,230000.0,100,301,6000.0,2,874,0,711000.0,711000.0,0.0,MACET
1,48.0,1500000.0,16.0,105000.0,100,301,6000.0,2,874,0,882500.0,882500.0,112500.0,MACET
0,39.0,896000.0,24.0,47500.0,100,301,6000.0,2,874,0,594000.0,594000.0,36000.0,MACET
1,46.0,3000000.0,16.0,210000.0,100,301,6000.0,2,874,0,1125000.0,1125000.0,135000.0,MACET
1,31.0,1500000.0,20.0,86250.0,100,301,6000.0,2,874,0,352500.0,352500.0,56250.0,MACET
1,35.0,3000000.0,20.0,172500.0,100,301,6000.0,2,874,0,450000.0,450000.0,67500.0,MACET
1,29.0,1500000.0,16.0,105000.0,100,301,6000.0,2,874,0,1125000.0,1125000.0,145000.0,MACET
1,48.0,100000.0,10.0,11500.0,100,301,6000.0,2,874,800,115000.0,115000.0,0.0,MACET
1,2.0,1030000.0,10.0,103000.0,100,301,6000.0,2,874,875,1030000.0,1030000.0,0.0,MACET
0,39.0,7083331.0,15.0,586444.26,100,301,6000.0,2,874,875,772440.76,772440.76,228444.1,MACET
1,23.0,2255000.0,10.0,225500.0,100,301,6000.0,2,874,875,1055000.0,1055000.0,0.0,MACET
0,37.0,3000000.0,12.0,340000.0,100,301,6000.0,2,874,874,2150000.0,2150000.0,810000.0,MACET
0,27.0,630000.0,10.0,71750.0,100,301,6000.0,2,874,0,563750.0,563750.0,78750.0,MACET
1,33.0,203000.0,7.0,39083.35,100,301,6000.0,2,874,0,132000.0,132000.0,22500.0,MACET
1,30.0,300000.0,8.0,43500.0,100,301,6000.0,2,874,0,300000.0,300000.0,48000.0,MACET
0,31.0,472500.0,4.0,165000.0,100,301,6000.0,2,874,0,472500.0,472500.0,22500.0,MACET
0,30.0,600000.0,2.0,350000.0,100,301,6000.0,2,874,0,600000.0,600000.0,100000.0,MACET
1,35.0,1500000.0,6.0,295000.0,100,301,6000.0,2,874,0,90000.0,90000.0,45000.0,MACET
0,55.0,1280000.0,11.0,137508.0,100,301,6000.0,2,874,0,1093636.0,1093636.0,136360.04,MACET
0,38.0,1500000.0,20.0,86250.0,100,301,6000.0,2,874,0,214000.0,214000.0,33750.0,MACET
0,49.0,1000000.0,100.0,11500.0,100,301,6000.0,2,874,0,450000.0,450000.0,67000.0,MACET
1,38.0,1000000.0,12.0,90833.37,100,301,6000.0,2,874,0,833000.0,833000.0,75000.0,MACET
1,44.0,83333.33,1.0,90833.33,100,301,6000.0,2,874,0,83333.33,83333.33,7500.0,MACET
1,39.0,3000000.0,24.0,147500.0,100,301,6000.0,2,874,0,997500.0,997500.0,180000.0,MACET
1,50.0,500000.0,16.0,35000.0,100,301,6000.0,2,874,0,125000.0,125000.0,15000.0,MACET
0,42.0,582500.0,7.0,90714.32,100,301,6000.0,2,874,0,582500.0,582500.0,52500.0,MACET
1,43.0,1000000.0,16.0,70000.0,100,301,6000.0,2,874,0,562500.0,562500.0,67500.0,MACET
1,48.0,2000000.0,24.0,98333.41,100,301,6000.0,2,874,0,1831000.0,1831000.0,330000.0,MACET
0,53.0,5000000.0,24.0,245833.41,100,301,6000.0,2,874,0,3112500.02,3112500.02,562500.0,MACET
1,31.0,1000000.0,20.0,90833.37,100,301,6000.0,2,874,0,550000.0,550000.0,82500.0,MACET
0,44.0,1500000.0,20.0,86250.0,100,301,6000.0,2,874,0,962500.0,962500.0,146250.0,MACET
1,42.0,500000.0,60.0,9333.53,100,301,6000.0,2,874,0,178000.0,178000.0,22000.0,MACET
0,28.0,660500.01,8.0,90062.51,100,301,6000.0,2,874,0,402000.01,402000.01,37500.0,MACET
1,36.0,700000.0,100.0,7840.0,100,301,6000.0,2,874,0,235440.0,235440.0,28560.0,MACET
1,37.0,2000000.0,16.0,140000.0,100,301,6000.0,2,874,0,935000.0,935000.0,105000.0,MACET
1,40.0,1500000.0,12.0,136250.0,100,301,6000.0,2,874,0,1111250.0,1111250.0,101250.0,MACET
1,45.0,1000000.0,16.0,90833.37,100,301,6000.0,2,874,0,595000.0,595000.0,75000.0,MACET
0,48.0,2000000.0,20.0,115000.0,100,301,6000.0,2,874,0,395000.0,395000.0,45000.0,MACET
1,44.0,900000.0,11.0,91636.22,100,301,6000.0,2,874,0,198544.0,198544.0,29454.02,MACET
1,61.0,1000000.0,100.0,11500.0,100,301,6000.0,2,874,0,434000.0,434000.0,65500.0,MACET
0,40.0,1000000.0,12.0,90833.37,100,301,6000.0,2,874,0,368946.67,368946.67,37500.0,MACET
0,40.0,3000000.0,20.0,172500.0,100,301,6000.0,2,874,0,450000.0,450000.0,67500.0,MACET
0,26.0,1000000.0,16.0,70000.0,100,301,6000.0,2,874,0,500000.0,500000.0,60000.0,MACET
1,49.0,1500000.0,16.0,105000.0,100,301,6000.0,2,874,0,562500.0,562500.0,67500.0,MACET
0,49.0,1500000.0,16.0,105000.0,100,301,6000.0,2,874,0,848750.0,848750.0,101250.0,MACET
1,32.0,2000000.0,12.0,181666.74,100,301,6000.0,2,874,0,1130000.02,1130000.02,105000.0,MACET
1,28.0,3000000.0,16.0,210000.0,100,301,6000.0,2,874,0,1705000.0,1705000.0,225000.0,MACET
1,54.0,1000000.0,16.0,90833.37,100,301,6000.0,2,874,0,782500.0,782500.0,97500.0,MACET
0,40.0,1000000.0,12.0,90833.37,100,301,6000.0,2,874,0,380166.68,380166.68,37500.0,MACET
1,35.0,680000.0,5.0,154000.0,100,301,6000.0,2,874,875,516000.0,516000.0,54000.0,MACET
1,31.0,499999.0,10.0,58999.9,100,301,6000.0,2,874,875,589999.0,589999.0,0.0,MACET
0,33.0,666666.72,8.0,98333.37,100,301,6000.0,2,874,874,583333.35,583333.35,105000.0,MACET
1,46.0,930416.76,11.0,99924.36,100,301,6000.0,2,874,0,58826.76,58826.76,15341.1,LANCAR
0,43.0,437500.0,7.0,66214.04,100,301,6000.0,2,874,0,437500.0,437500.0,25998.04,MACET
0,38.0,2480000.0,10.0,248000.0,100,301,6000.0,2,874,875,1988000.0,1988000.0,0.0,MACET
0,33.0,921260.0,10.0,92126.0,100,301,6000.0,2,874,875,771260.0,771260.0,0.0,MACET
1,47.0,1020000.0,10.0,121325.0,100,301,6000.0,2,874,875,673000.0,673000.0,0.0,MACET
0,37.0,195000.0,10.0,20085.0,100,301,6000.0,2,874,875,200850.0,200850.0,0.0,MACET
1,39.0,10000000.0,24.0,0.0,100,301,6000.0,2,874,875,1666660.0,1666660.0,400000.0,MACET
0,40.0,1130000.0,10.0,113000.0,100,301,6000.0,2,874,0,930000.0,930000.0,0.0,MACET
1,45.0,875000.0,7.0,140000.0,100,301,6000.0,2,874,0,875000.0,875000.0,105000.0,MACET
1,19.0,833333.34,10.0,100925.97,100,301,6000.0,2,874,0,749833.34,749833.34,67500.0,MACET
0,25.0,750000.0,10.0,86438.0,100,301,6000.0,2,874,0,750000.0,750000.0,114380.0,MACET
1,48.0,521000.0,6.0,94333.35,100,301,6000.0,2,874,0,481000.0,481000.0,45000.0,MACET
1,40.0,499833.35,6.0,90805.85,100,301,6000.0,2,874,0,499833.35,499833.35,45000.0,MACET
1,47.0,347000.0,7.0,55571.48,100,301,6000.0,2,874,0,347000.0,347000.0,42000.0,MACET
1,45.0,574166.68,7.0,89523.85,100,301,6000.0,2,874,0,481666.68,481666.68,45000.0,MACET
1,-47.0,833333.34,10.0,90833.64,100,301,6000.0,2,874,0,833333.34,833333.34,75000.0,MACET
1,53.0,130000.02,2.0,145000.02,100,301,6000.0,2,874,0,130000.02,130000.02,15000.0,MACET
1,24.0,2500000.0,7.0,432142.9,100,301,6000.0,2,874,0,2500000.0,2500000.0,525000.0,MACET
1,35.0,499833.35,6.0,136208.6,100,301,6000.0,2,874,0,499833.35,499833.35,45000.0,MACET
0,30.0,297500.0,5.0,64500.0,100,301,6000.0,2,874,0,297500.0,297500.0,25000.0,MACET
1,29.0,218750.0,4.0,58437.5,100,301,6000.0,2,874,0,218750.0,218750.0,15000.0,MACET
0,65.0,666333.34,8.0,103761.88,100,301,6000.0,2,874,0,666333.34,666333.34,60000.0,MACET
0,33.0,812750.0,11.0,93650.0,100,301,6000.0,2,874,0,812750.0,812750.0,123750.0,MACET
0,-44.0,1000000.0,5.0,230000.0,100,301,6000.0,2,874,0,1000000.0,1000000.0,150000.0,MACET
0,47.0,1000000.0,5.0,230000.0,100,301,6000.0,2,874,0,600000.0,600000.0,90000.0,MACET
0,35.0,750000.0,8.0,168000.0,100,301,6000.0,2,874,0,468750.0,468750.0,56250.0,MACET
1,64.0,1500000.0,20.0,86250.0,100,301,6000.0,2,874,0,475000.0,475000.0,78750.0,MACET
1,58.0,1000000.0,100.0,11500.0,100,301,6000.0,2,874,0,136000.0,136000.0,21000.0,MACET
1,36.0,1000000.0,100.0,11500.0,100,301,6000.0,2,874,0,753500.0,753500.0,112500.0,MACET
1,36.0,1500000.0,20.0,86250.0,100,301,6000.0,2,874,0,810250.0,810250.0,123750.0,MACET
1,32.0,1000000.0,100.0,11500.0,100,301,6000.0,2,874,0,612000.0,612000.0,93000.0,MACET
0,30.0,1000000.0,16.0,70000.0,100,301,6000.0,2,874,0,312500.0,312500.0,37500.0,MACET
1,36.0,1500000.0,100.0,17250.0,100,301,6000.0,2,874,0,692750.0,692750.0,105750.0,MACET
1,29.0,1500000.0,100.0,17250.0,100,301,6000.0,2,874,0,823000.0,823000.0,123750.0,MACET
0,44.0,1500000.0,20.0,86250.0,100,301,6000.0,2,874,0,894000.0,894000.0,135000.0,MACET
0,52.0,1500000.0,100.0,21563.0,100,301,6000.0,2,874,0,1390750.0,1390750.0,209250.0,MACET
1,23.0,1000000.0,12.0,90833.37,100,301,6000.0,2,874,0,74166.7,74166.7,7500.0,MACET
1,34.0,1000000.0,12.0,90833.37,100,301,6000.0,2,874,0,668666.67,668666.67,67500.0,MACET
1,34.0,1500000.0,20.0,86250.0,100,301,6000.0,2,874,0,750000.0,750000.0,112500.0,MACET
1,52.0,1000000.0,12.0,90833.37,100,301,6000.0,2,874,0,416333.35,416333.35,37500.0,MACET
1,58.0,1500000.0,20.0,86250.0,100,301,6000.0,2,874,0,218250.0,218250.0,33750.0,MACET
0,45.0,1500000.0,5.0,345000.0,100,301,6000.0,2,874,0,300000.0,300000.0,40000.0,LANCAR
0,0.0,1500000.0,16.0,105000.0,100,301,6000.0,2,874,0,843750.0,843750.0,101250.0,MACET
0,41.0,1500000.0,80.0,21000.0,100,301,6000.0,2,874,0,572500.0,572500.0,67500.0,MACET
1,25.0,1500000.0,100.0,17250.0,100,301,6000.0,2,874,0,1080000.0,1080000.0,164000.0,MACET
1,24.0,1500000.0,16.0,105000.0,100,301,6000.0,2,874,0,700000.0,700000.0,90000.0,MACET
0,38.0,1000000.0,16.0,70000.0,100,301,6000.0,2,874,0,812500.0,812500.0,97500.0,MACET
1,36.0,1000000.0,12.0,90833.37,100,301,6000.0,2,874,0,429000.0,429000.0,45000.0,MACET
0,28.0,2000000.0,10.0,260000.0,100,301,6000.0,2,874,0,600000.0,600000.0,180000.0,MACET
1,31.0,1312500.0,7.0,198750.0,100,301,6000.0,2,874,0,1312500.0,1312500.0,78750.0,MACET
1,36.0,2000000.0,4.0,550000.0,100,301,6000.0,2,874,0,1000000.0,1000000.0,100000.0,MACET
